model,batch,seq,gamma,mode,mean_ms,median_ms,std_ms,min_ms,max_ms,n_samples
Qwen2.5-7B,0,0,0,target_decode,9.531484693877552,9.525,0.08866482417832042,9.511,10.763,196
Qwen2.5-7B,1,256,0,target_decode,9.545127551020409,9.528,0.03019056640736299,9.492,9.639,784
Qwen2.5-7B,1,512,0,target_decode,9.593275510204082,9.59,0.01072579932366069,9.571,9.655,784
Qwen2.5-7B,1,1024,0,target_decode,9.614392857142857,9.608,0.014696895007476625,9.588,9.684,784
Qwen2.5-7B,1,2048,0,target_decode,9.656966836734695,9.637,0.03500704431492037,9.616,9.761,784
Qwen2.5-7B,1,4096,0,target_decode,9.656813775510203,9.704,0.08188403171773216,9.521,10.416,784
Qwen2.5-7B,2,256,0,target_decode,9.544005102040817,9.543,0.009990926892354576,9.518,9.597,784
Qwen2.5-7B,2,512,0,target_decode,9.552130102040817,9.551,0.012132975953214173,9.528,9.622,784
Qwen2.5-7B,2,1024,0,target_decode,9.56815943877551,9.562,0.01817324989344874,9.532,9.635,784
Qwen2.5-7B,2,2048,0,target_decode,9.6278125,9.592500000000001,0.059445731043834334,9.565,9.773,784
Qwen2.5-7B,2,4096,0,target_decode,9.632332908163265,9.709,0.1273800846501452,9.421,10.421,784
Qwen2.5-7B,4,256,0,target_decode,9.448201530612245,9.447,0.010456634169994197,9.42,9.49,784
Qwen2.5-7B,4,512,0,target_decode,9.45627806122449,9.455,0.013057656926494915,9.423,9.529,784
Qwen2.5-7B,4,1024,0,target_decode,9.509228316326531,9.473,0.06258085070788462,9.435,9.641,784
Qwen2.5-7B,4,2048,0,target_decode,9.648257653061224,9.604,0.07393944878716448,9.569,9.792,784
Qwen2.5-7B,4,4096,0,target_decode,9.739821428571428,9.752,0.04608239885287829,9.67,10.675,784
Qwen2.5-7B,8,256,0,target_decode,9.699375,9.699,0.012519091423256605,9.663,9.743,784
Qwen2.5-7B,8,512,0,target_decode,9.749600765306122,9.715499999999999,0.05910440617715435,9.676,9.873,784
Qwen2.5-7B,8,1024,0,target_decode,9.879049744897959,9.842,0.07050517457843689,9.584,10.008,784
Qwen2.5-7B,8,2048,0,target_decode,10.087042091836734,9.985,0.1891128228971382,9.592,10.392,784
Qwen2.5-7B,8,4096,0,target_decode,10.18740943877551,10.357,0.2492011798907539,9.702,10.775,784
Qwen2.5-7B,16,256,0,target_decode,9.888315051020408,9.858,0.06434435200735521,9.559,10.01,784
Qwen2.5-7B,16,512,0,target_decode,10.013372448979592,9.984,0.08511255597018412,9.483,10.155,784
Qwen2.5-7B,16,1024,0,target_decode,10.220530612244898,10.121,0.18586749858714488,9.593,10.525,784
Qwen2.5-7B,16,2048,0,target_decode,10.644232142857144,10.497,0.32845524459376413,9.589,11.132,784
Qwen2.5-7B,16,4096,0,target_decode,10.7463125,11.103,0.48847279197776644,9.532,11.139,784
Qwen2.5-7B,24,256,0,target_decode,10.16532525510204,10.134,0.10018195489598067,9.53,10.293,784
Qwen2.5-7B,24,512,0,target_decode,10.34699107142857,10.275,0.1409365270098347,9.826,10.59,784
Qwen2.5-7B,24,1024,0,target_decode,10.673670918367346,10.552,0.2849114067606778,9.637,11.097,784
Qwen2.5-7B,24,2048,0,target_decode,11.30055612244898,11.079,0.5694106871937311,9.635,12.153,784
Qwen2.5-7B,24,4096,0,target_decode,11.435520408163265,12.128,0.8788488143065375,9.704,12.161,784
Qwen2.5-7B,32,256,0,target_decode,10.609195153061224,10.367,0.39650534267630966,9.693,11.237,784
Qwen2.5-7B,32,512,0,target_decode,11.261456632653061,11.202,0.26017386495771877,9.479,12.09,784
Qwen2.5-7B,32,1024,0,target_decode,11.626354591836735,11.535,0.5030388641850134,9.493,12.234,784
Qwen2.5-7B,32,2048,0,target_decode,12.356849489795918,12.201,0.8828381249357647,9.586,14.903,784
Qwen2.5-7B,32,4096,0,target_decode,12.545019132653062,13.525,1.168185703318096,9.707,14.668,784
Qwen2.5-7B,48,256,0,target_decode,11.604983418367347,11.346,0.48089998214612834,9.965,12.343,784
Qwen2.5-7B,48,512,0,target_decode,12.318424744897959,12.294,0.4129889084690452,9.479,12.654,784
Qwen2.5-7B,48,1024,0,target_decode,12.65289668367347,12.626,0.6748714939700793,9.59,13.33,784
Qwen2.5-7B,48,2048,0,target_decode,13.296720663265306,13.293,1.137298020087338,9.588,14.667,784
Qwen2.5-7B,48,4096,0,target_decode,13.286119897959184,14.5915,1.521061116613011,9.704,14.703,784
Qwen2.5-7B,64,256,0,target_decode,12.059846938775511,11.808,0.4537932837299744,10.567,16.573,784
Qwen2.5-7B,64,512,0,target_decode,12.719051020408163,12.686,0.5481516322633551,9.47,18.598,784
Qwen2.5-7B,64,1024,0,target_decode,13.067160714285714,13.016,0.8899710355540564,9.577,22.389,784
Qwen2.5-7B,64,2048,0,target_decode,13.687804846938775,13.672,1.3458806007578357,9.642,24.912,784
Qwen2.5-7B,64,4096,0,target_decode,14.239375850340137,14.989,1.4727815540178806,9.714,15.792,588
Qwen2.5-7B,0,0,3,drafter_decode,4.302615384615384,4.2955000000000005,0.048816243618550144,4.273,4.635,52
Qwen2.5-7B,1,256,3,drafter_decode,4.311495192307692,4.308,0.0202281665193805,4.279,4.43,208
Qwen2.5-7B,1,512,3,drafter_decode,4.335620192307692,4.331,0.026024607009735003,4.302,4.582,208
Qwen2.5-7B,1,1024,3,drafter_decode,4.376288461538461,4.359,0.039276100113603156,4.33,4.561,208
Qwen2.5-7B,1,2048,3,drafter_decode,4.486913461538461,4.424,0.10158779174407785,4.392,4.916,208
Qwen2.5-7B,1,4096,3,drafter_decode,4.57964705882353,4.616,0.08606225803054852,4.28,5.003,204
Qwen2.5-7B,2,256,3,drafter_decode,4.470119791666667,4.481,0.05472607870118896,4.272,4.556,192
Qwen2.5-7B,2,512,3,drafter_decode,4.498010416666666,4.504,0.05940349114349174,4.299,4.622,192
Qwen2.5-7B,2,1024,3,drafter_decode,4.572958333333333,4.545,0.09975875787680952,4.323,5.022,192
Qwen2.5-7B,2,2048,3,drafter_decode,4.707322916666667,4.686,0.09761882219069629,4.397,4.93,192
Qwen2.5-7B,2,4096,3,drafter_decode,4.706411458333333,4.809,0.1531952266215962,4.469,5.032,192
Qwen2.5-7B,4,256,3,drafter_decode,4.493098958333333,4.489,0.0196000747663477,4.461,4.637,192
Qwen2.5-7B,4,512,3,drafter_decode,4.544614583333333,4.512499999999999,0.057821420294313614,4.48,4.761,192
Qwen2.5-7B,4,1024,3,drafter_decode,4.666505208333334,4.632,0.06897992707464529,4.522,4.913,192
Qwen2.5-7B,4,2048,3,drafter_decode,4.809177083333333,4.761,0.08455284227628461,4.704,5.2,192
Qwen2.5-7B,4,4096,3,drafter_decode,4.807171875,4.921,0.18404949436936197,4.508,5.213,192
Qwen2.5-7B,8,256,3,drafter_decode,4.580885416666667,4.545,0.0944631976086099,4.509,5.628,192
Qwen2.5-7B,8,512,3,drafter_decode,4.6775520833333335,4.639,0.06242740198980897,4.622,4.802,192
Qwen2.5-7B,8,1024,3,drafter_decode,4.820364583333333,4.773,0.07502036300063437,4.749,4.968,192
Qwen2.5-7B,8,2048,3,drafter_decode,5.0330478723404255,4.931,0.17929055928256585,4.857,5.374,188
Qwen2.5-7B,8,4096,3,drafter_decode,5.1725666666666665,5.32,0.19013326993242272,4.854,5.353,180
Qwen2.5-7B,16,256,3,drafter_decode,4.998583333333333,4.957,0.0791625230843612,4.929,5.648,192
Qwen2.5-7B,16,512,3,drafter_decode,5.1376875,5.083,0.13615111811274555,5.052,6.338,192
Qwen2.5-7B,16,1024,3,drafter_decode,5.3276382978723404,5.216,0.21943514511230025,4.914,6.764,188
Qwen2.5-7B,16,2048,3,drafter_decode,5.757651162790697,5.61,0.4651430583546121,4.9,9.075,172
Qwen2.5-7B,16,4096,3,drafter_decode,6.320916666666666,6.272,0.4758193238426911,5.044,10.498,168
Qwen2.5-7B,24,256,3,drafter_decode,6.568197916666667,6.527,0.06975200945393706,6.505,6.97,192
Qwen2.5-7B,24,512,3,drafter_decode,6.681664893617021,6.664,0.3507588403854488,4.688,7.013,188
Qwen2.5-7B,24,1024,3,drafter_decode,6.854895348837209,6.937,0.743845988415051,4.686,7.581,172
Qwen2.5-7B,24,2048,3,drafter_decode,7.460307692307692,7.462,0.9963404044245289,4.75,8.546,156
Qwen2.5-7B,24,4096,3,drafter_decode,7.5824423076923075,8.5015,1.0875789640765112,4.637,8.54,156
Qwen2.5-7B,32,256,3,drafter_decode,6.734619791666667,6.6655,0.11748755631538862,6.644,7.418,192
Qwen2.5-7B,32,512,3,drafter_decode,6.924994680851064,6.868,0.34864772373510916,5.197,8.328,188
Qwen2.5-7B,32,1024,3,drafter_decode,7.196633720930232,7.196,0.7113877958253372,5.198,7.939,172
Qwen2.5-7B,32,2048,3,drafter_decode,7.959282894736842,7.928,1.0665535161839186,5.32,9.306,152
Qwen2.5-7B,32,4096,3,drafter_decode,8.346721428571428,8.0025,1.1938403606562131,4.625,9.311,140
Qwen2.5-7B,48,256,3,drafter_decode,7.863202127659575,7.864,0.4401937123363709,5.064,8.146,188
Qwen2.5-7B,48,512,3,drafter_decode,8.058579545454545,8.128,0.8262130299016234,5.063,8.69,176
Qwen2.5-7B,48,1024,3,drafter_decode,8.71445238095238,8.658,0.841077287594233,5.481,9.79,168
Qwen2.5-7B,48,2048,3,drafter_decode,9.616666666666667,9.728,1.7475664460788207,5.108,11.878,132
Qwen2.5-7B,48,4096,3,drafter_decode,9.969060344827586,9.679,2.229564852411664,4.518,11.875,116
Qwen2.5-7B,64,256,3,drafter_decode,9.3644375,9.657499999999999,1.3538690954076764,4.522,10.076,176
Qwen2.5-7B,64,512,3,drafter_decode,9.911988372093024,10.056,1.2533099474692622,5.196,10.932,172
Qwen2.5-7B,64,1024,3,drafter_decode,10.656776315789473,10.9025,2.061561393725056,4.83,12.633,152
Qwen2.5-7B,64,2048,3,drafter_decode,12.135465517241379,12.615,3.070014418408386,4.761,16.009,116
Qwen2.5-7B,64,4096,3,drafter_decode,13.770566666666667,15.9635,4.229591555256109,4.61,16.013,60
Qwen2.5-7B,0,0,3,target_decode_sd,9.6855,9.683,0.023173260452512598,9.66,9.716,4
Qwen2.5-7B,1,256,3,target_decode_sd,9.693625,9.687999999999999,0.03307743440272632,9.631,9.767,16
Qwen2.5-7B,1,512,3,target_decode_sd,9.731125,9.7105,0.06715144575261707,9.664,9.942,16
Qwen2.5-7B,1,1024,3,target_decode_sd,9.772375,9.7935,0.05223137626625057,9.679,9.868,16
Qwen2.5-7B,1,2048,3,target_decode_sd,9.912625,9.896,0.10629949827413741,9.773,10.114,16
Qwen2.5-7B,1,4096,3,target_decode_sd,9.9526875,10.038,0.19102799751170857,9.664,10.178,16
Qwen2.5-7B,2,256,3,target_decode_sd,9.687125,9.674,0.03428678073738212,9.639,9.774,16
Qwen2.5-7B,2,512,3,target_decode_sd,9.705187500000001,9.7055,0.0357551278373697,9.656,9.777,16
Qwen2.5-7B,2,1024,3,target_decode_sd,9.759625,9.748000000000001,0.029953018768286557,9.72,9.804,16
Qwen2.5-7B,2,2048,3,target_decode_sd,9.893875,9.827,0.10328399359694283,9.791,10.066,16
Qwen2.5-7B,2,4096,3,target_decode_sd,9.956125,10.004,0.08691518854607613,9.823,10.06,16
Qwen2.5-7B,4,256,3,target_decode_sd,9.85875,9.858,0.035169115238610486,9.814,9.965,16
Qwen2.5-7B,4,512,3,target_decode_sd,9.8856875,9.876999999999999,0.033587137915180164,9.847,9.987,16
Qwen2.5-7B,4,1024,3,target_decode_sd,9.974375,9.9285,0.09246611992147911,9.896,10.159,16
Qwen2.5-7B,4,2048,3,target_decode_sd,10.117875,10.0765,0.07394040393001203,10.05,10.256,16
Qwen2.5-7B,4,4096,3,target_decode_sd,10.1895,10.193000000000001,0.03171540109578766,10.126,10.234,16
Qwen2.5-7B,8,256,3,target_decode_sd,10.1718125,10.163499999999999,0.04304450216539466,10.119,10.234,16
Qwen2.5-7B,8,512,3,target_decode_sd,10.259625,10.229,0.05759036377728461,10.198,10.36,16
Qwen2.5-7B,8,1024,3,target_decode_sd,10.39325,10.364,0.07054691110648748,10.32,10.507,16
Qwen2.5-7B,8,2048,3,target_decode_sd,10.4066875,10.473500000000001,0.1230873504196647,10.202,10.502,16
Qwen2.5-7B,8,4096,3,target_decode_sd,10.256499999999999,10.211500000000001,0.08713437897867864,10.18,10.415,16
Qwen2.5-7B,16,256,3,target_decode_sd,10.4271875,10.4005,0.061552382840417676,10.364,10.536,16
Qwen2.5-7B,16,512,3,target_decode_sd,10.5441875,10.5075,0.0718954970773553,10.474,10.661,16
Qwen2.5-7B,16,1024,3,target_decode_sd,10.5915,10.621500000000001,0.06805487981523926,10.472,10.657,16
Qwen2.5-7B,16,2048,3,target_decode_sd,10.5453125,10.5015,0.07460091040552617,10.459,10.684,16
Qwen2.5-7B,16,4096,3,target_decode_sd,10.67275,10.649000000000001,0.047323707941509766,10.614,10.764,16
Qwen2.5-7B,24,256,3,target_decode_sd,10.7406875,10.7055,0.06403303184034496,10.675,10.84,16
Qwen2.5-7B,24,512,3,target_decode_sd,10.6655,10.827,0.2589442668477782,10.28,10.857,16
Qwen2.5-7B,24,1024,3,target_decode_sd,10.2510625,10.275,0.08798444464790327,10.095,10.379,16
Qwen2.5-7B,24,2048,3,target_decode_sd,10.416875000000001,10.3825,0.3416875522071784,10.092,10.89,16
Qwen2.5-7B,24,4096,3,target_decode_sd,10.8445,10.892,0.21931833788658286,10.029,10.962,16
Qwen2.5-7B,32,256,3,target_decode_sd,11.007625,10.928,0.13049029338102755,10.892,11.202,16
Qwen2.5-7B,32,512,3,target_decode_sd,11.023875,11.19,0.2678845211404844,10.621,11.212,16
Qwen2.5-7B,32,1024,3,target_decode_sd,10.714500000000001,10.649000000000001,0.11375998124706833,10.619,10.919,16
Qwen2.5-7B,32,2048,3,target_decode_sd,10.880875,10.892,0.047849590733185406,10.764,10.933,16
Qwen2.5-7B,32,4096,3,target_decode_sd,10.9399375,10.8905,0.7639881734468583,9.966,11.955,16
Qwen2.5-7B,48,256,3,target_decode_sd,11.491875,11.9015,0.6523342573660634,10.497,11.95,16
Qwen2.5-7B,48,512,3,target_decode_sd,10.8395,10.531500000000001,0.48740004103405654,10.49,11.554,16
Qwen2.5-7B,48,1024,3,target_decode_sd,11.35775,11.527999999999999,0.2735159958759267,10.907,11.565,16
Qwen2.5-7B,48,2048,3,target_decode_sd,10.94175,10.991,0.11014021366724605,10.672,11.027,16
Qwen2.5-7B,48,4096,3,target_decode_sd,10.615375,10.675,0.35412387192431205,10.131,11.077,16
Qwen2.5-7B,64,256,3,target_decode_sd,10.4779375,10.156,0.5006013009371831,10.126,11.205,16
Qwen2.5-7B,64,512,3,target_decode_sd,11.0295,11.1975,0.26303434503248185,10.631,11.211,16
Qwen2.5-7B,64,1024,3,target_decode_sd,10.6623125,10.646,0.11198256932814701,10.393,10.883,16
Qwen2.5-7B,64,2048,3,target_decode_sd,10.857875,10.777,0.36523177572604504,10.147,11.407,16
Qwen2.5-7B,64,4096,3,target_decode_sd,11.186333333333334,11.2735,0.3916197908763815,10.004,11.428,12
Qwen2.5-7B,0,0,3,target_verify,9.193875,9.194,0.009311683349884236,9.172,9.212,48
Qwen2.5-7B,1,256,3,target_verify,9.245239583333333,9.203,0.07138095494332707,9.172,9.424,192
Qwen2.5-7B,1,512,3,target_verify,9.451739583333334,9.356,0.15244593890566813,9.315,9.703,192
Qwen2.5-7B,1,1024,3,target_verify,9.882489583333333,9.682,0.30625614625025216,9.651,10.36,192
Qwen2.5-7B,1,2048,3,target_verify,10.736588541666666,10.341,0.5959012027410489,10.307,11.647,192
Qwen2.5-7B,1,4096,3,target_verify,10.991590425531914,11.61,0.9739852184110601,9.438,11.711,188
Qwen2.5-7B,2,256,3,target_verify,9.51334659090909,9.4725,0.06959350782342295,9.445,9.656,176
Qwen2.5-7B,2,512,3,target_verify,9.717346590909091,9.62,0.15345163701504588,9.592,9.973,176
Qwen2.5-7B,2,1024,3,target_verify,10.146982954545454,9.9485,0.30374198589181983,9.916,10.615,176
Qwen2.5-7B,2,2048,3,target_verify,10.979539772727273,10.601500000000001,0.56892096223134,10.577,11.92,176
Qwen2.5-7B,2,4096,3,target_verify,11.180505681818182,11.813,0.9527563981696721,9.736,11.855,176
Qwen2.5-7B,4,256,3,target_verify,9.832227272727273,9.765,0.11068103229140444,9.731,10.061,176
Qwen2.5-7B,4,512,3,target_verify,10.14534659090909,10.001,0.2238318738690723,9.969,10.497,176
Qwen2.5-7B,4,1024,3,target_verify,10.771147727272727,10.4835,0.43865635205113024,10.456,11.443,176
Qwen2.5-7B,4,2048,3,target_verify,12.009954545454546,11.423,0.8797334454622805,11.399,13.326,176
Qwen2.5-7B,4,4096,3,target_verify,12.375147727272727,13.307500000000001,1.3947183641132732,10.284,13.334,176
Qwen2.5-7B,8,256,3,target_verify,10.491801136363636,10.304,0.2836675925875488,10.279,10.948,176
Qwen2.5-7B,8,512,3,target_verify,11.009590909090909,10.912500000000001,0.15712081876158768,10.868,11.279,176
Qwen2.5-7B,8,1024,3,target_verify,11.451375,11.252500000000001,0.30973549314582216,11.206,11.951,176
Qwen2.5-7B,8,2048,3,target_verify,12.308651162790698,11.912,0.6324354071900512,11.875,13.327,172
Qwen2.5-7B,8,4096,3,target_verify,12.871006097560976,13.278,0.5983998242444956,12.002,13.339,164
Qwen2.5-7B,16,256,3,target_verify,12.137579545454546,12.025,0.17445783586158142,12.001,12.507,176
Qwen2.5-7B,16,512,3,target_verify,12.489522727272726,12.3955,0.15589846345968558,12.348,12.765,176
Qwen2.5-7B,16,1024,3,target_verify,12.915191860465116,12.725999999999999,0.30862769892144754,12.677,13.46,172
Qwen2.5-7B,16,2048,3,target_verify,13.797788461538461,13.402,0.6291845414668447,13.354,14.817,156
Qwen2.5-7B,16,4096,3,target_verify,14.207078947368421,14.773499999999999,0.7778875327408112,13.145,14.84,152
Qwen2.5-7B,24,256,3,target_verify,13.202784090909091,13.174,0.052462002328463264,13.148,13.331,176
Qwen2.5-7B,24,512,3,target_verify,13.379087209302325,13.29,0.15263992127368078,13.239,13.666,172
Qwen2.5-7B,24,1024,3,target_verify,13.808365384615385,13.623,0.3042787365290616,13.564,14.317,156
Qwen2.5-7B,24,2048,3,target_verify,14.681992857142857,14.292,0.6304626883388592,14.256,15.714,140
Qwen2.5-7B,24,4096,3,target_verify,14.958264285714286,15.663,0.9046903330506596,13.798,15.775,140
Qwen2.5-7B,32,256,3,target_verify,13.781528409090908,13.8225,0.07015345864417709,13.641,13.861,176
Qwen2.5-7B,32,512,3,target_verify,13.77493023255814,13.685500000000001,0.15457671239976561,13.634,14.046,172
Qwen2.5-7B,32,1024,3,target_verify,14.207903846153846,14.017,0.3111420125683957,13.959,14.747,156
Qwen2.5-7B,32,2048,3,target_verify,15.052044117647059,14.701,0.6108475819789959,14.647,16.122,136
Qwen2.5-7B,32,4096,3,target_verify,17.147137096774195,16.12,1.189885198634605,16.055,19.422,124
Qwen2.5-7B,48,256,3,target_verify,18.227813953488372,18.383499999999998,0.3319025084656623,17.65,18.803,172
Qwen2.5-7B,48,512,3,target_verify,17.84721875,17.767,0.1574633299379803,17.654,18.12,160
Qwen2.5-7B,48,1024,3,target_verify,18.25424342105263,18.094,0.3077117425655417,17.982,18.808,152
Qwen2.5-7B,48,2048,3,target_verify,19.077706896551724,18.776,0.5851095923692063,18.732,20.223,116
Qwen2.5-7B,48,4096,3,target_verify,20.24961,20.245,0.0633237464833442,20.158,20.371,100
Qwen2.5-7B,64,256,3,target_verify,19.99268125,20.281,0.4610214987261828,19.268,20.351,160
Qwen2.5-7B,64,512,3,target_verify,19.47474358974359,19.3245,0.244587575761133,19.273,19.925,156
Qwen2.5-7B,64,1024,3,target_verify,20.13064705882353,19.8735,0.4672550184723345,19.791,20.955,136
Qwen2.5-7B,64,2048,3,target_verify,21.35524,20.932499999999997,0.8488131597719373,20.85,23.066,100
Qwen2.5-7B,64,4096,3,target_verify,23.0258125,23.0295,0.030345286885614137,22.959,23.077,48
Qwen2.5-7B,0,0,7,drafter_decode,4.320321428571429,4.3195,0.00728800928684086,4.309,4.342,28
Qwen2.5-7B,1,256,7,drafter_decode,4.341553571428571,4.328,0.07834031089710013,4.31,5.055,112
Qwen2.5-7B,1,512,7,drafter_decode,4.344107142857143,4.3405000000000005,0.011008070047815222,4.322,4.373,112
Qwen2.5-7B,1,1024,7,drafter_decode,4.3835625,4.362,0.03885518997879547,4.343,4.477,112
Qwen2.5-7B,1,2048,7,drafter_decode,4.501678571428571,4.439,0.0974449453512976,4.423,4.691,112
Qwen2.5-7B,1,4096,7,drafter_decode,4.5956018518518515,4.641,0.08743488255912155,4.31,4.689,108
Qwen2.5-7B,2,256,7,drafter_decode,4.48665625,4.51,0.07051507164392137,4.314,4.568,96
Qwen2.5-7B,2,512,7,drafter_decode,4.51,4.5295000000000005,0.07409950635534125,4.339,4.678,96
Qwen2.5-7B,2,1024,7,drafter_decode,4.57084375,4.564,0.1047562914201589,4.354,4.732,96
Qwen2.5-7B,2,2048,7,drafter_decode,4.714041666666667,4.714,0.1161987332720761,4.434,4.911,96
Qwen2.5-7B,2,4096,7,drafter_decode,4.721885416666667,4.8375,0.1495994560777944,4.505,4.911,96
Qwen2.5-7B,4,256,7,drafter_decode,4.52553125,4.522,0.01469475604639828,4.501,4.62,96
Qwen2.5-7B,4,512,7,drafter_decode,4.567208333333333,4.535,0.05733519478822325,4.515,4.672,96
Qwen2.5-7B,4,1024,7,drafter_decode,4.690854166666667,4.664,0.06969195062886485,4.567,4.809,96
Qwen2.5-7B,4,2048,7,drafter_decode,4.840572916666667,4.796,0.08022347009141886,4.749,4.986,96
Qwen2.5-7B,4,4096,7,drafter_decode,4.822614583333333,4.951,0.1920798830416612,4.528,5.116,96
Qwen2.5-7B,8,256,7,drafter_decode,4.571739583333334,4.544499999999999,0.045425994133122274,4.53,4.651,96
Qwen2.5-7B,8,512,7,drafter_decode,4.678395833333333,4.638,0.06304726366893611,4.627,4.831,96
Qwen2.5-7B,8,1024,7,drafter_decode,4.8181666666666665,4.774,0.07063839222505247,4.752,4.932,96
Qwen2.5-7B,8,2048,7,drafter_decode,5.05065625,4.934,0.18110449604259446,4.912,5.337,96
Qwen2.5-7B,8,4096,7,drafter_decode,5.205947916666666,5.317,0.1723204096285794,4.938,5.393,96
Qwen2.5-7B,16,256,7,drafter_decode,4.99296875,4.956,0.06307563598778178,4.936,5.213,96
Qwen2.5-7B,16,512,7,drafter_decode,5.120291666666667,5.08,0.06469603691867423,5.065,5.248,96
Qwen2.5-7B,16,1024,7,drafter_decode,5.257,5.214,0.2576980940796957,4.424,5.623,92
Qwen2.5-7B,16,2048,7,drafter_decode,5.5921125,5.607,0.5545448582772833,4.421,6.283,80
Qwen2.5-7B,16,4096,7,drafter_decode,6.22997619047619,6.27,0.3737746236782194,5.312,6.531,84
Qwen2.5-7B,24,256,7,drafter_decode,6.557041666666667,6.52,0.05956790316705214,6.499,6.66,96
Qwen2.5-7B,24,512,7,drafter_decode,6.729885416666667,6.645,0.1288395060197124,6.63,6.938,96
Qwen2.5-7B,24,1024,7,drafter_decode,6.941663043478261,6.923,0.465543479566044,5.228,7.465,92
Qwen2.5-7B,24,2048,7,drafter_decode,7.174526315789474,7.4445,1.1116254342020573,5.042,8.563,76
Qwen2.5-7B,24,4096,7,drafter_decode,7.213305555555555,6.6545000000000005,1.252329993397534,5.043,8.546,72
Qwen2.5-7B,32,256,7,drafter_decode,6.7115,6.644,0.11161418510113079,6.62,7.206,96
Qwen2.5-7B,32,512,7,drafter_decode,6.789391304347826,6.843500000000001,0.6021841191281518,4.349,7.274,92
Qwen2.5-7B,32,1024,7,drafter_decode,7.004123456790124,7.178,1.0480911504100685,4.346,7.929,81
Qwen2.5-7B,32,2048,7,drafter_decode,7.90856,7.908,0.8685260617851372,4.649,9.286,75
Qwen2.5-7B,32,4096,7,drafter_decode,8.126314285714285,7.845,1.1779117919640811,4.65,9.292,70
Qwen2.5-7B,48,256,7,drafter_decode,7.925270833333333,7.846,0.12752299930160516,7.809,8.195,96
Qwen2.5-7B,48,512,7,drafter_decode,8.138021739130435,8.1035,0.41333032258252356,6.663,8.641,92
Qwen2.5-7B,48,1024,7,drafter_decode,8.334447368421053,8.632,1.1918321290599818,5.46,10.197,76
Qwen2.5-7B,48,2048,7,drafter_decode,8.9763,9.694,2.1608476938304104,5.463,11.843,60
Qwen2.5-7B,48,4096,7,drafter_decode,9.876416666666666,9.651,1.759117713096845,6.255,11.873,60
Qwen2.5-7B,64,256,7,drafter_decode,9.45632608695652,9.6435,1.1799535389316256,4.53,10.074,92
Qwen2.5-7B,64,512,7,drafter_decode,9.422207317073171,10.0565,2.0025782562832326,4.351,10.896,82
Qwen2.5-7B,64,1024,7,drafter_decode,10.576960526315789,10.880500000000001,1.542748996138944,7.215,12.593,76
Qwen2.5-7B,64,2048,7,drafter_decode,11.491218181818182,12.573,2.6874227478365262,6.024,15.958,55
Qwen2.5-7B,64,4096,7,drafter_decode,10.938416666666667,11.099499999999999,5.137940848887487,5.057,16.148,24
Qwen2.5-7B,0,0,7,target_decode_sd,9.9145,9.911,0.021748563170932166,9.892,9.944,4
Qwen2.5-7B,1,256,7,target_decode_sd,9.982312499999999,9.986,0.03698777951341954,9.921,10.048,16
Qwen2.5-7B,1,512,7,target_decode_sd,9.9515625,9.9485,0.03221380397697023,9.916,10.04,16
Qwen2.5-7B,1,1024,7,target_decode_sd,10.019375,10.013,0.040759252528311446,9.939,10.077,16
Qwen2.5-7B,1,2048,7,target_decode_sd,10.1148125,10.0555,0.10154422271437523,10.014,10.292,16
Qwen2.5-7B,1,4096,7,target_decode_sd,10.16975,10.263,0.16817312508245794,9.908,10.326,16
Qwen2.5-7B,2,256,7,target_decode_sd,9.946375,9.947,0.01884277049693068,9.911,9.975,16
Qwen2.5-7B,2,512,7,target_decode_sd,9.961625,9.962,0.019690522254797282,9.931,10.019,16
Qwen2.5-7B,2,1024,7,target_decode_sd,10.007875,9.992999999999999,0.04160108171670556,9.962,10.082,16
Qwen2.5-7B,2,2048,7,target_decode_sd,10.145875,10.0855,0.09806723883812236,10.043,10.296,16
Qwen2.5-7B,2,4096,7,target_decode_sd,10.23575,10.274,0.081170191573015,10.09,10.344,16
Qwen2.5-7B,4,256,7,target_decode_sd,10.109875,10.1085,0.013316030439536747,10.093,10.153,16
Qwen2.5-7B,4,512,7,target_decode_sd,10.1353125,10.126000000000001,0.028158406086519344,10.1,10.19,16
Qwen2.5-7B,4,1024,7,target_decode_sd,10.217,10.177,0.08855055053470874,10.128,10.395,16
Qwen2.5-7B,4,2048,7,target_decode_sd,10.3708125,10.3355,0.06762565464871041,10.308,10.482,16
Qwen2.5-7B,4,4096,7,target_decode_sd,10.36725,10.4545,0.15743675979050556,10.119,10.529,16
Qwen2.5-7B,8,256,7,target_decode_sd,10.1595,10.139,0.05300817547007854,10.088,10.235,16
Qwen2.5-7B,8,512,7,target_decode_sd,10.259875,10.237,0.06111832785670773,10.199,10.363,16
Qwen2.5-7B,8,1024,7,target_decode_sd,10.3879375,10.349499999999999,0.07425942701098652,10.32,10.522,16
Qwen2.5-7B,8,2048,7,target_decode_sd,10.6114375,10.5055,0.17550307452197708,10.478,10.886,16
Qwen2.5-7B,8,4096,7,target_decode_sd,10.71525,10.8555,0.22688513981013989,10.373,10.882,16
Qwen2.5-7B,16,256,7,target_decode_sd,10.4275625,10.404,0.05661327141227584,10.364,10.52,16
Qwen2.5-7B,16,512,7,target_decode_sd,10.5514375,10.5185,0.06202684230771932,10.489,10.646,16
Qwen2.5-7B,16,1024,7,target_decode_sd,10.4581875,10.6325,0.27738354162903484,10.036,10.658,16
Qwen2.5-7B,16,2048,7,target_decode_sd,10.314499999999999,10.0665,0.39389287883890467,10.023,10.893,16
Qwen2.5-7B,16,4096,7,target_decode_sd,10.818375,10.865,0.08657010646483773,10.69,10.897,16
Qwen2.5-7B,24,256,7,target_decode_sd,10.738375,10.703,0.06517246351028935,10.67,10.839,16
Qwen2.5-7B,24,512,7,target_decode_sd,10.9214375,10.845,0.13018702892377584,10.811,11.117,16
Qwen2.5-7B,24,1024,7,target_decode_sd,10.97075,11.099499999999999,0.20479371735155022,10.662,11.128,16
Qwen2.5-7B,24,2048,7,target_decode_sd,10.66525,10.6725,0.023382329510408705,10.611,10.691,16
Qwen2.5-7B,24,4096,7,target_decode_sd,10.7276875,10.649999999999999,0.12892360463985375,10.628,10.937,16
Qwen2.5-7B,32,256,7,target_decode_sd,11.003625,10.916,0.14101530649779365,10.892,11.234,16
Qwen2.5-7B,32,512,7,target_decode_sd,10.8225625,11.2005,0.5873807361215266,9.925,11.213,16
Qwen2.5-7B,32,1024,7,target_decode_sd,10.4738125,9.981,0.6713913134926108,9.948,11.546,16
Qwen2.5-7B,32,2048,7,target_decode_sd,11.223749999999999,11.2555,0.2696623815069503,10.244,11.428,16
Qwen2.5-7B,32,4096,7,target_decode_sd,11.5205,11.431000000000001,0.4143232232609383,10.241,12.013,16
Qwen2.5-7B,48,256,7,target_decode_sd,12.02975,11.904499999999999,0.2067247767765957,11.876,12.334,16
Qwen2.5-7B,48,512,7,target_decode_sd,11.872125,12.319500000000001,0.6940804828452293,10.862,12.336,16
Qwen2.5-7B,48,1024,7,target_decode_sd,10.8916875,10.875499999999999,0.039663112585877826,10.857,11.018,16
Qwen2.5-7B,48,2048,7,target_decode_sd,11.0804375,10.9055,0.3322942408468735,10.867,11.651,16
Qwen2.5-7B,48,4096,7,target_decode_sd,11.9375625,11.7775,0.35295532649331135,11.631,12.478,16
Qwen2.5-7B,64,256,7,target_decode_sd,11.7058125,12.375,1.0385036169893678,10.141,12.419,16
Qwen2.5-7B,64,512,7,target_decode_sd,11.082875,10.252500000000001,1.2142922149685935,9.927,12.7,16
Qwen2.5-7B,64,1024,7,target_decode_sd,12.206625,12.3815,0.4267640839308451,11.534,12.575,16
Qwen2.5-7B,64,2048,7,target_decode_sd,11.9624,12.206,0.2924355362419946,11.426,12.233,15
Qwen2.5-7B,64,4096,7,target_decode_sd,11.344333333333333,11.425,0.2790097206952197,10.665,11.663,12
Qwen2.5-7B,0,0,7,target_verify,9.466541666666666,9.466000000000001,0.009890615519891647,9.452,9.484,24
Qwen2.5-7B,1,256,7,target_verify,9.5186875,9.476,0.07211720175848257,9.447,9.649,96
Qwen2.5-7B,1,512,7,target_verify,9.72371875,9.629999999999999,0.1506864784996702,9.602,9.966,96
Qwen2.5-7B,1,1024,7,target_verify,10.150270833333334,9.954,0.3032759201979773,9.925,10.625,96
Qwen2.5-7B,1,2048,7,target_verify,10.989479166666667,10.607,0.5776910662131242,10.584,11.862,96
Qwen2.5-7B,1,4096,7,target_verify,11.24370652173913,11.836,0.9832848238390363,9.597,11.861,92
Qwen2.5-7B,2,256,7,target_verify,9.6650625,9.627,0.06918482744143574,9.599,9.789,80
Qwen2.5-7B,2,512,7,target_verify,9.867925,9.77,0.15372898847886216,9.741,10.116,80
Qwen2.5-7B,2,1024,7,target_verify,10.2996,10.103,0.3023202091504296,10.078,10.768,80
Qwen2.5-7B,2,2048,7,target_verify,11.1277,10.7515,0.5701808818039094,10.725,11.983,80
Qwen2.5-7B,2,4096,7,target_verify,11.3630375,11.959,0.9063787238130718,9.993,12.003,80
Qwen2.5-7B,4,256,7,target_verify,10.0845125,10.009,0.11572741803397375,9.998,10.28,80
Qwen2.5-7B,4,512,7,target_verify,10.412975,10.256,0.23763811307281935,10.244,10.773,80
Qwen2.5-7B,4,1024,7,target_verify,11.0847,10.7675,0.47710594848099447,10.749,11.805,80
Qwen2.5-7B,4,2048,7,target_verify,12.4294625,11.788,0.9612981194849579,11.775,14.112,80
Qwen2.5-7B,4,4096,7,target_verify,13.1326125,13.831,1.0512559877311076,11.555,13.903,80
Qwen2.5-7B,8,256,7,target_verify,11.7659625,11.5715,0.297678377275657,11.549,12.236,80
Qwen2.5-7B,8,512,7,target_verify,12.307475,12.211500000000001,0.15670749782131585,12.17,12.563,80
Qwen2.5-7B,8,1024,7,target_verify,12.740075,12.536000000000001,0.312677282371765,12.497,13.231,80
Qwen2.5-7B,8,2048,7,target_verify,13.636725,13.212499999999999,0.6429139158274277,13.175,14.625,80
Qwen2.5-7B,8,4096,7,target_verify,14.0721875,14.5735,0.7674433652258087,12.897,14.619,80
Qwen2.5-7B,16,256,7,target_verify,13.03595,12.9245,0.17574405296310516,12.902,13.327,80
Qwen2.5-7B,16,512,7,target_verify,13.3987,13.3005,0.15856328050356,13.259,13.657,80
Qwen2.5-7B,16,1024,7,target_verify,13.807868421052632,13.636,0.29845997351315584,13.598,14.329,76
Qwen2.5-7B,16,2048,7,target_verify,14.73971875,14.308,0.6587197411802951,14.268,15.74,64
Qwen2.5-7B,16,4096,7,target_verify,16.20864705882353,15.726500000000001,0.6648975404112663,15.671,17.558,68
Qwen2.5-7B,24,256,7,target_verify,17.082825,17.0565,0.06264623903972846,17.007,17.257,80
Qwen2.5-7B,24,512,7,target_verify,17.2768375,17.180999999999997,0.1612781576828355,17.119,17.618,80
Qwen2.5-7B,24,1024,7,target_verify,17.684065789473685,17.509500000000003,0.30428356667320766,17.434,18.227,76
Qwen2.5-7B,24,2048,7,target_verify,18.5417,18.191,0.6187993103104412,18.137,19.63,60
Qwen2.5-7B,24,4096,7,target_verify,19.110125,19.5815,0.5518697165916147,18.47,19.635,56
Qwen2.5-7B,32,256,7,target_verify,18.5284375,18.509,0.05524235298474489,18.466,18.754,80
Qwen2.5-7B,32,512,7,target_verify,18.739092105263158,18.6075,0.2409836053970798,18.554,19.188,76
Qwen2.5-7B,32,1024,7,target_verify,19.465507692307693,19.143,0.48837306830552596,19.069,20.231,65
Qwen2.5-7B,32,2048,7,target_verify,20.671133333333334,20.189999999999998,0.8984329194405467,20.143,22.344,60
Qwen2.5-7B,32,4096,7,target_verify,25.066037037037038,22.314,3.0489740493023807,22.222,28.495,54
Qwen2.5-7B,48,256,7,target_verify,28.1756875,28.305500000000002,0.21963402204403715,27.816,28.433,80
Qwen2.5-7B,48,512,7,target_verify,28.006657894736843,27.874499999999998,0.2403173764077593,27.816,28.439,76
Qwen2.5-7B,48,1024,7,target_verify,28.670516666666668,28.4155,0.46194300373592123,28.37,29.581,60
Qwen2.5-7B,48,2048,7,target_verify,29.929204545454546,29.456,0.8989406318070964,29.414,31.616,44
Qwen2.5-7B,48,4096,7,target_verify,33.604136363636364,35.1435,1.811249736750703,31.509,35.251,44
Qwen2.5-7B,64,256,7,target_verify,35.000368421052634,35.16,0.2782381158698547,34.477,35.195,76
Qwen2.5-7B,64,512,7,target_verify,34.78342424242424,34.552499999999995,0.386773679026739,34.455,35.461,66
Qwen2.5-7B,64,1024,7,target_verify,35.764833333333335,35.353,0.7407709261112719,35.271,37.1,60
Qwen2.5-7B,64,2048,7,target_verify,37.466875,37.0385,1.1317838016679458,36.989,40.47,40
Qwen2.5-7B,64,4096,7,target_verify,40.433083333333336,40.4395,0.05108363611557006,40.359,40.508,12
Qwen2.5-7B,0,0,11,drafter_decode,4.58455,4.582,0.007507715329824635,4.575,4.602,20
Qwen2.5-7B,1,256,11,drafter_decode,4.5934875,4.59,0.015153220612685247,4.571,4.67,80
Qwen2.5-7B,1,512,11,drafter_decode,4.6137375,4.604,0.01971810435210502,4.594,4.717,80
Qwen2.5-7B,1,1024,11,drafter_decode,4.655325,4.635,0.03466905927316278,4.622,4.732,80
Qwen2.5-7B,1,2048,11,drafter_decode,4.769975,4.706,0.09852853792079792,4.696,4.978,80
Qwen2.5-7B,1,4096,11,drafter_decode,4.864407894736842,4.911,0.09995294594712437,4.565,5.025,76
Qwen2.5-7B,2,256,11,drafter_decode,4.728203125,4.766500000000001,0.08044621188068693,4.571,4.795,64
Qwen2.5-7B,2,512,11,drafter_decode,4.75121875,4.7855,0.08533937269365191,4.593,4.833,64
Qwen2.5-7B,2,1024,11,drafter_decode,4.819125,4.827,0.11416953420104042,4.625,4.982,64
Qwen2.5-7B,2,2048,11,drafter_decode,4.953125,4.9735,0.12694261920816258,4.702,5.132,64
Qwen2.5-7B,2,4096,11,drafter_decode,4.968328125,5.0945,0.14587862476964383,4.768,5.109,64
Qwen2.5-7B,4,256,11,drafter_decode,4.78925,4.779,0.026106618998935068,4.769,4.961,64
Qwen2.5-7B,4,512,11,drafter_decode,4.835453125,4.804,0.05113472081295686,4.796,4.949,64
Qwen2.5-7B,4,1024,11,drafter_decode,4.943203125,4.921,0.07083833140629846,4.833,5.055,64
Qwen2.5-7B,4,2048,11,drafter_decode,5.089296875,5.049,0.08259187855217832,4.993,5.229,64
Qwen2.5-7B,4,4096,11,drafter_decode,5.079890625,5.218999999999999,0.19794925734173102,4.782,5.429,64
Qwen2.5-7B,8,256,11,drafter_decode,4.825859375,4.797,0.046951128656751814,4.785,4.899,64
Qwen2.5-7B,8,512,11,drafter_decode,4.93565625,4.8975,0.061818274061449706,4.883,5.048,64
Qwen2.5-7B,8,1024,11,drafter_decode,5.076203125,5.031499999999999,0.0730835963371496,5.013,5.196,64
Qwen2.5-7B,8,2048,11,drafter_decode,5.30615625,5.186,0.185218808290207,5.166,5.586,64
Qwen2.5-7B,8,4096,11,drafter_decode,5.830609375,5.582,0.3771672870894251,5.567,6.393,64
Qwen2.5-7B,16,256,11,drafter_decode,6.420359375,6.385,0.05756386851431491,6.368,6.529,64
Qwen2.5-7B,16,512,11,drafter_decode,6.544953125,6.505,0.06490394115445491,6.49,6.657,64
Qwen2.5-7B,16,1024,11,drafter_decode,6.76434375,6.644,0.18474626260798635,6.629,7.065,64
Qwen2.5-7B,16,2048,11,drafter_decode,6.993433333333333,7.034,0.5942991133748998,5.211,7.699,60
Qwen2.5-7B,16,4096,11,drafter_decode,6.712961538461538,6.5045,0.9487337683447273,5.209,7.76,52
Qwen2.5-7B,24,256,11,drafter_decode,6.543,6.5024999999999995,0.06474786262329986,6.489,6.648,64
Qwen2.5-7B,24,512,11,drafter_decode,6.723890625,6.640499999999999,0.12825769164564693,6.626,6.923,64
Qwen2.5-7B,24,1024,11,drafter_decode,6.83755,6.914,0.603474415645753,4.956,7.452,60
Qwen2.5-7B,24,2048,11,drafter_decode,6.968645833333333,7.4365000000000006,1.2746848503225587,4.958,8.495,48
Qwen2.5-7B,24,4096,11,drafter_decode,7.71151923076923,7.856,0.9573990396859365,5.955,8.494,52
Qwen2.5-7B,32,256,11,drafter_decode,7.9119375,7.852,0.09710702245215738,7.838,8.075,64
Qwen2.5-7B,32,512,11,drafter_decode,8.155640625,8.055,0.15573200088995998,8.041,8.4,64
Qwen2.5-7B,32,1024,11,drafter_decode,8.249,8.384,0.9333157948311793,5.307,9.119,60
Qwen2.5-7B,32,2048,11,drafter_decode,7.790886363636363,9.1065,2.0458936321882253,5.14,10.474,44
Qwen2.5-7B,32,4096,11,drafter_decode,7.8821,7.858499999999999,1.8464269695404023,5.31,10.475,40
Qwen2.5-7B,48,256,11,drafter_decode,7.9567499999999995,7.900499999999999,0.12825285045874674,7.832,8.188,64
Qwen2.5-7B,48,512,11,drafter_decode,8.01744262295082,8.123,0.8925240150754146,4.626,8.715,61
Qwen2.5-7B,48,1024,11,drafter_decode,8.023833333333334,8.701,1.8016038756682045,4.825,9.768,48
Qwen2.5-7B,48,2048,11,drafter_decode,9.51225,9.6935,1.0092944605711136,8.173,11.823,44
Qwen2.5-7B,48,4096,11,drafter_decode,11.32715,12.2645,1.9141470156275606,7.738,12.726,40
Qwen2.5-7B,64,256,11,drafter_decode,12.81146875,12.7015,0.19357652756418983,12.638,13.141,64
Qwen2.5-7B,64,512,11,drafter_decode,12.715433333333333,13.1005,1.8167645423278953,6.699,13.97,60
Qwen2.5-7B,64,1024,11,drafter_decode,11.379933333333334,13.918,3.877982080693749,5.007,15.631,45
Qwen2.5-7B,64,2048,11,drafter_decode,10.396870967741936,9.763,4.996094980028139,4.974,15.636,31
Qwen2.5-7B,64,4096,11,drafter_decode,5.841916666666666,5.612,0.5603850069912703,5.231,7.467,12
Qwen2.5-7B,0,0,11,target_decode_sd,10.0195,10.0275,0.036792209320271475,9.972,10.051,4
Qwen2.5-7B,1,256,11,target_decode_sd,10.0185625,10.0015,0.0510097621375883,9.96,10.118,16
Qwen2.5-7B,1,512,11,target_decode_sd,10.031125,10.021,0.042383762614158514,9.982,10.102,16
Qwen2.5-7B,1,1024,11,target_decode_sd,10.0785625,10.0585,0.06599289734509303,10.005,10.201,16
Qwen2.5-7B,1,2048,11,target_decode_sd,10.2046875,10.142499999999998,0.13426874481178894,10.085,10.488,16
Qwen2.5-7B,1,4096,11,target_decode_sd,10.25775,10.3545,0.19243613659255032,9.974,10.457,16
Qwen2.5-7B,2,256,11,target_decode_sd,10.0028125,10.0075,0.024669059568617636,9.969,10.036,16
Qwen2.5-7B,2,512,11,target_decode_sd,10.04,10.029,0.04741589044473039,9.991,10.188,16
Qwen2.5-7B,2,1024,11,target_decode_sd,10.0763125,10.064499999999999,0.03904991463925794,10.032,10.142,16
Qwen2.5-7B,2,2048,11,target_decode_sd,10.1994375,10.1325,0.1141326530840319,10.105,10.389,16
Qwen2.5-7B,2,4096,11,target_decode_sd,10.294,10.346,0.10193658159202056,10.125,10.412,16
Qwen2.5-7B,4,256,11,target_decode_sd,10.161125,10.161,0.020649051632783064,10.137,10.223,16
Qwen2.5-7B,4,512,11,target_decode_sd,10.1920625,10.192499999999999,0.02690345392943692,10.147,10.233,16
Qwen2.5-7B,4,1024,11,target_decode_sd,10.28,10.2405,0.07590081246820303,10.197,10.402,16
Qwen2.5-7B,4,2048,11,target_decode_sd,10.431625,10.388,0.07642414539921275,10.358,10.569,16
Qwen2.5-7B,4,4096,11,target_decode_sd,10.418375,10.5185,0.1654762319287374,10.171,10.562,16
Qwen2.5-7B,8,256,11,target_decode_sd,10.222,10.1985,0.044285437787155164,10.171,10.318,16
Qwen2.5-7B,8,512,11,target_decode_sd,10.313875,10.278,0.05848746304408605,10.26,10.415,16
Qwen2.5-7B,8,1024,11,target_decode_sd,10.44675,10.409,0.07265947976692373,10.379,10.556,16
Qwen2.5-7B,8,2048,11,target_decode_sd,10.664375,10.552,0.18182954472068993,10.524,10.941,16
Qwen2.5-7B,8,4096,11,target_decode_sd,10.8235625,10.915,0.16226314790076882,10.556,10.973,16
Qwen2.5-7B,16,256,11,target_decode_sd,10.647124999999999,10.6145,0.11748808450221686,10.542,11.037,16
Qwen2.5-7B,16,512,11,target_decode_sd,10.736812500000001,10.6985,0.06639901480192827,10.659,10.835,16
Qwen2.5-7B,16,1024,11,target_decode_sd,10.94975,10.833,0.19341234017852452,10.803,11.251,16
Qwen2.5-7B,16,2048,11,target_decode_sd,11.03075,11.219999999999999,0.29587350900905846,10.585,11.233,16
Qwen2.5-7B,16,4096,11,target_decode_sd,10.636,10.6065,0.053971597468792015,10.589,10.731,16
Qwen2.5-7B,24,256,11,target_decode_sd,10.74625,10.705,0.07430522637517946,10.683,10.887,16
Qwen2.5-7B,24,512,11,target_decode_sd,10.923187500000001,10.846499999999999,0.12787505294883247,10.81,11.112,16
Qwen2.5-7B,24,1024,11,target_decode_sd,10.876,11.101,0.3650795347135563,10.327,11.169,16
Qwen2.5-7B,24,2048,11,target_decode_sd,10.6774375,10.368500000000001,0.48738540106025613,10.339,11.662,16
Qwen2.5-7B,24,4096,11,target_decode_sd,11.4604375,11.315999999999999,0.23764622691443418,11.29,11.873,16
Qwen2.5-7B,32,256,11,target_decode_sd,11.877875,11.803,0.13894693231590236,11.74,12.138,16
Qwen2.5-7B,32,512,11,target_decode_sd,12.184,12.097999999999999,0.16060344537607726,12.03,12.453,16
Qwen2.5-7B,32,1024,11,target_decode_sd,11.859625000000001,12.3865,0.8113347747179748,10.678,12.419,16
Qwen2.5-7B,32,2048,11,target_decode_sd,10.6808125,10.687000000000001,0.050268901917587226,10.545,10.767,16
Qwen2.5-7B,32,4096,11,target_decode_sd,11.10775,10.7165,0.6201489606000589,10.675,12.091,16
Qwen2.5-7B,48,256,11,target_decode_sd,12.0673125,11.936,0.2115960676225659,11.895,12.412,16
Qwen2.5-7B,48,512,11,target_decode_sd,11.829625,12.338999999999999,0.994159871449255,10.022,12.693,16
Qwen2.5-7B,48,1024,11,target_decode_sd,10.978125,10.242999999999999,1.1400464244933186,10.201,12.632,16
Qwen2.5-7B,48,2048,11,target_decode_sd,12.5565,12.602,0.08813701454742691,12.384,12.648,16
Qwen2.5-7B,48,4096,11,target_decode_sd,12.51525,12.4455,0.2807030459400112,11.934,12.87,16
Qwen2.5-7B,64,256,11,target_decode_sd,12.9495,12.849,0.154373141014448,12.818,13.211,16
Qwen2.5-7B,64,512,11,target_decode_sd,12.5016875,13.148,1.0120709934749308,10.94,13.271,16
Qwen2.5-7B,64,1024,11,target_decode_sd,11.035125,11.064499999999999,0.6829149166135802,10.387,13.37,16
Qwen2.5-7B,64,2048,11,target_decode_sd,11.129625,10.518,1.1444106998800736,10.349,13.334,16
Qwen2.5-7B,64,4096,11,target_decode_sd,11.0935,10.9865,0.2802834604143067,10.601,11.662,12
Qwen2.5-7B,0,0,11,target_verify,9.533125,9.531500000000001,0.01104460652686792,9.513,9.551,16
Qwen2.5-7B,1,256,11,target_verify,9.580359375,9.5365,0.07316720732797309,9.513,9.705,64
Qwen2.5-7B,1,512,11,target_verify,9.787796875,9.694500000000001,0.15447804381796584,9.661,10.026,64
Qwen2.5-7B,1,1024,11,target_verify,10.21165625,10.015,0.3043565275024233,9.985,10.689,64
Qwen2.5-7B,1,2048,11,target_verify,11.047453125,10.664,0.5791600631261086,10.646,11.924,64
Qwen2.5-7B,1,4096,11,target_verify,11.377633333333334,11.894,0.9153787577044254,9.754,11.958,60
Qwen2.5-7B,2,256,11,target_verify,9.813270833333334,9.7675,0.0734310327995882,9.751,9.931,48
Qwen2.5-7B,2,512,11,target_verify,10.032104166666667,9.929,0.1608804551004668,9.909,10.277,48
Qwen2.5-7B,2,1024,11,target_verify,10.486645833333334,10.276,0.32204700922766266,10.256,10.982,48
Qwen2.5-7B,2,2048,11,target_verify,11.385395833333334,10.962,0.6379706102609568,10.938,12.334,48
Qwen2.5-7B,2,4096,11,target_verify,11.957145833333334,12.318,0.5640384772442895,11.08,12.395,48
Qwen2.5-7B,4,256,11,target_verify,11.176125,11.1025,0.11682458663549043,11.086,11.359,48
Qwen2.5-7B,4,512,11,target_verify,11.505208333333334,11.3475,0.24081209752015523,11.335,11.877,48
Qwen2.5-7B,4,1024,11,target_verify,12.1751875,11.86,0.4763142917457723,11.844,12.883,48
Qwen2.5-7B,4,2048,11,target_verify,13.5149375,12.877500000000001,0.9594013959567861,12.866,14.947,48
Qwen2.5-7B,4,4096,11,target_verify,14.103645833333333,14.9145,1.2275046559617613,12.241,14.929,48
Qwen2.5-7B,8,256,11,target_verify,12.463875,12.2605,0.30706992931474386,12.245,12.972,48
Qwen2.5-7B,8,512,11,target_verify,13.012416666666667,12.9145,0.15564797069072858,12.869,13.264,48
Qwen2.5-7B,8,1024,11,target_verify,13.454625,13.253,0.31611421481564317,13.208,13.944,48
Qwen2.5-7B,8,2048,11,target_verify,14.348895833333334,13.92,0.6461363152266014,13.896,15.329,48
Qwen2.5-7B,8,4096,11,target_verify,15.7213125,15.312,0.6351481702235294,15.263,17.362,48
Qwen2.5-7B,16,256,11,target_verify,16.6934375,16.582,0.171987988973253,16.572,16.966,48
Qwen2.5-7B,16,512,11,target_verify,17.058583333333335,16.9605,0.16617625010599665,16.912,17.398,48
Qwen2.5-7B,16,1024,11,target_verify,17.501520833333334,17.302,0.3185490369133764,17.246,18.005,48
Qwen2.5-7B,16,2048,11,target_verify,18.29172727272727,17.981,0.5917432411316138,17.934,19.395,44
Qwen2.5-7B,16,4096,11,target_verify,21.774305555555557,19.4005,2.86527822453043,19.351,25.215,36
Qwen2.5-7B,24,256,11,target_verify,25.224520833333333,25.118,0.1749315963070275,25.079,25.515,48
Qwen2.5-7B,24,512,11,target_verify,25.6373125,25.485500000000002,0.2424250843921751,25.424,26.029,48
Qwen2.5-7B,24,1024,11,target_verify,26.240159090909092,26.0005,0.445992905521936,25.94,27.08,44
Qwen2.5-7B,24,2048,11,target_verify,27.72334375,27.064500000000002,1.003294560335292,27.026,29.224,32
Qwen2.5-7B,24,4096,11,target_verify,28.379944444444444,29.1405,0.9410728207573813,27.259,29.271,36
Qwen2.5-7B,32,256,11,target_verify,27.3165,27.282,0.058209087540867746,27.261,27.437,48
Qwen2.5-7B,32,512,11,target_verify,27.55645833333333,27.4135,0.24356754127576324,27.342,27.943,48
Qwen2.5-7B,32,1024,11,target_verify,28.16631818181818,27.942,0.4473952403156322,27.88,29.064,44
Qwen2.5-7B,32,2048,11,target_verify,29.342642857142856,28.9625,0.8210726594944645,28.922,31.106,28
Qwen2.5-7B,32,4096,11,target_verify,35.750791666666665,38.5105,3.693848140509424,31.049,38.882,24
Qwen2.5-7B,48,256,11,target_verify,38.431625,38.498,0.1278024780833898,38.202,38.619,48
Qwen2.5-7B,48,512,11,target_verify,38.45455555555556,38.233,0.40768674223965073,38.173,39.23,45
Qwen2.5-7B,48,1024,11,target_verify,39.66771875,39.189499999999995,0.7345142012889617,39.111,40.835,32
Qwen2.5-7B,48,2048,11,target_verify,41.364535714285715,40.7505,1.3387376719256112,40.681,44.305,28
Qwen2.5-7B,48,4096,11,target_verify,45.882416666666664,46.846999999999994,1.3647419541617654,44.093,47.103,24
Qwen2.5-7B,64,256,11,target_verify,46.76322916666667,46.872,0.25521990847972076,46.351,47.205,48
Qwen2.5-7B,64,512,11,target_verify,46.62647727272727,46.433,0.409821486301352,46.33,47.428,44
Qwen2.5-7B,64,1024,11,target_verify,47.748862068965515,47.336,0.8295164135178806,47.248,49.402,29
Qwen2.5-7B,64,2048,11,target_verify,49.333133333333336,49.342,0.04115105738385771,49.262,49.385,15
Qwen2.5-7B,0,0,15,drafter_decode,4.6245,4.6114999999999995,0.032613365035631656,4.602,4.701,20
Qwen2.5-7B,1,256,15,drafter_decode,5.0263875,4.613,3.5217923892179055,4.603,36.131,80
Qwen2.5-7B,1,512,15,drafter_decode,4.655475,4.64,0.03331475326053201,4.623,4.767,80
Qwen2.5-7B,1,1024,15,drafter_decode,4.692565789473684,4.6665,0.037171076758259536,4.656,4.752,76
Qwen2.5-7B,1,2048,15,drafter_decode,4.80003125,4.74,0.09509777236888263,4.722,4.964,64
Qwen2.5-7B,1,4096,15,drafter_decode,4.867588235294118,4.935,0.10993488375168296,4.602,4.973,68
Qwen2.5-7B,2,256,15,drafter_decode,4.7324,4.7835,0.07981729135970474,4.588,4.832,80
Qwen2.5-7B,2,512,15,drafter_decode,4.7915375000000004,4.807,0.21320774582492738,4.619,6.086,80
Qwen2.5-7B,2,1024,15,drafter_decode,4.802736111111111,4.8415,0.10626620745390022,4.641,4.987,72
Qwen2.5-7B,2,2048,15,drafter_decode,4.953354166666666,4.9864999999999995,0.13624766085570963,4.722,5.148,48
Qwen2.5-7B,2,4096,15,drafter_decode,4.940107142857143,4.94,0.15304766679596368,4.67,5.137,56
Qwen2.5-7B,4,256,15,drafter_decode,4.804875,4.82,0.06156510909783111,4.671,4.899,80
Qwen2.5-7B,4,512,15,drafter_decode,4.8326875000000005,4.8315,0.08143081147183805,4.684,4.991,80
Qwen2.5-7B,4,1024,15,drafter_decode,4.929,4.949,0.10432006545405356,4.718,5.077,72
Qwen2.5-7B,4,2048,15,drafter_decode,5.1079791666666665,5.073,0.07776081428064298,5.021,5.247,48
Qwen2.5-7B,4,4096,15,drafter_decode,5.032696428571429,5.173,0.21320949319158614,4.677,5.251,56
Qwen2.5-7B,8,256,15,drafter_decode,4.8246875,4.828,0.08159061030457745,4.668,4.939,80
Qwen2.5-7B,8,512,15,drafter_decode,4.918775,4.927,0.12151980356397814,4.687,5.137,80
Qwen2.5-7B,8,1024,15,drafter_decode,5.046694444444444,5.063,0.1474788730526176,4.724,5.245,72
Qwen2.5-7B,8,2048,15,drafter_decode,5.343458333333333,5.225,0.18246631380547712,5.207,5.638,48
Qwen2.5-7B,8,4096,15,drafter_decode,5.297857142857143,5.596500000000001,0.36068467359486434,4.667,5.637,56
Qwen2.5-7B,16,256,15,drafter_decode,4.9251375,4.945,0.13656442294362042,4.663,5.108,80
Qwen2.5-7B,16,512,15,drafter_decode,5.041525,5.072,0.17597899579786594,4.695,5.298,80
Qwen2.5-7B,16,1024,15,drafter_decode,5.223736111111111,5.2105,0.26300222207895196,4.718,5.602,72
Qwen2.5-7B,16,2048,15,drafter_decode,5.788425531914894,5.615,0.29233912295861275,5.59,6.262,47
Qwen2.5-7B,16,4096,15,drafter_decode,6.2145,6.259,0.49959445371402816,4.677,6.562,56
Qwen2.5-7B,24,256,15,drafter_decode,6.205325,6.533,0.7514650631527992,4.671,6.715,80
Qwen2.5-7B,24,512,15,drafter_decode,6.3585125,6.672499999999999,0.8297331581694339,4.707,7.233,80
Qwen2.5-7B,24,1024,15,drafter_decode,6.726166666666667,6.9425,0.8693844997759647,4.741,7.563,72
Qwen2.5-7B,24,2048,15,drafter_decode,7.404454545454546,7.46,0.6830312892334301,5.379,8.506,44
Qwen2.5-7B,24,4096,15,drafter_decode,6.575318181818182,6.634,1.1754894235075075,4.692,8.517,44
Qwen2.5-7B,32,256,15,drafter_decode,6.3034,6.635,0.8011944184793923,4.674,6.848,80
Qwen2.5-7B,32,512,15,drafter_decode,6.51025,6.84,0.8828138341818079,4.708,7.213,80
Qwen2.5-7B,32,1024,15,drafter_decode,6.774073529411765,7.169499999999999,0.9999641085525657,4.761,7.917,68
Qwen2.5-7B,32,2048,15,drafter_decode,7.142470588235294,7.8985,1.5065639258740726,4.993,9.268,34
Qwen2.5-7B,32,4096,15,drafter_decode,7.4507045454545455,7.837,1.3933590094735757,4.692,9.267,44
Qwen2.5-7B,48,256,15,drafter_decode,7.298225,7.8505,1.291449915963851,4.691,8.299,80
Qwen2.5-7B,48,512,15,drafter_decode,7.5891875,8.115,1.4212457015398745,4.738,8.661,80
Qwen2.5-7B,48,1024,15,drafter_decode,7.995647058823529,8.6395,1.4986477463377312,4.771,9.713,68
Qwen2.5-7B,48,2048,15,drafter_decode,8.087214285714285,7.3985,1.5136200990449369,5.348,9.735,28
Qwen2.5-7B,48,4096,15,drafter_decode,8.09503125,9.627,2.082770494911959,4.729,9.708,32
Qwen2.5-7B,64,256,15,drafter_decode,8.789675,9.6615,2.006038332577958,4.713,10.09,80
Qwen2.5-7B,64,512,15,drafter_decode,8.918225,10.0655,2.377582619656179,4.753,10.911,80
Qwen2.5-7B,64,1024,15,drafter_decode,8.91064705882353,10.869,2.803322031249129,4.797,12.602,68
Qwen2.5-7B,64,2048,15,drafter_decode,10.562392857142857,9.2315,1.8178688038731612,8.204,12.609,28
Qwen2.5-7B,64,4096,15,drafter_decode,8.496333333333332,8.5425,0.117630649479503,8.245,8.565,12
Qwen2.5-7B,0,0,15,target_decode_sd,10.09275,10.0915,0.031330230342807394,10.061,10.127,4
Qwen2.5-7B,1,256,15,target_decode_sd,10.11225,10.103,0.04526293553596946,10.052,10.224,16
Qwen2.5-7B,1,512,15,target_decode_sd,10.144875,10.126000000000001,0.05064500633494561,10.08,10.255,16
Qwen2.5-7B,1,1024,15,target_decode_sd,10.164625000000001,10.159,0.04694234051827127,10.11,10.307,16
Qwen2.5-7B,1,2048,15,target_decode_sd,10.2705,10.2085,0.11642451059234342,10.157,10.494,16
Qwen2.5-7B,1,4096,15,target_decode_sd,10.3180625,10.398,0.1587860064153429,10.057,10.457,16
Qwen2.5-7B,2,256,15,target_decode_sd,10.0744375,10.067,0.028544628800062127,10.029,10.135,16
Qwen2.5-7B,2,512,15,target_decode_sd,10.0976875,10.099499999999999,0.03878783099547221,10.045,10.177,16
Qwen2.5-7B,2,1024,15,target_decode_sd,10.1431875,10.1275,0.0368659169604304,10.107,10.223,16
Qwen2.5-7B,2,2048,15,target_decode_sd,10.263375,10.2135,0.10795793934059068,10.163,10.448,16
Qwen2.5-7B,2,4096,15,target_decode_sd,10.365375,10.402,0.08111627456928704,10.237,10.453,16
Qwen2.5-7B,4,256,15,target_decode_sd,10.2548125,10.244,0.04268210983538675,10.211,10.377,16
Qwen2.5-7B,4,512,15,target_decode_sd,10.3098125,10.3045,0.03348874188937733,10.262,10.376,16
Qwen2.5-7B,4,1024,15,target_decode_sd,10.357,10.3185,0.08154671462828333,10.277,10.479,16
Qwen2.5-7B,4,2048,15,target_decode_sd,10.5178125,10.4805,0.07310469091196066,10.451,10.636,16
Qwen2.5-7B,4,4096,15,target_decode_sd,10.5063125,10.5925,0.15380451608020707,10.253,10.636,16
Qwen2.5-7B,8,256,15,target_decode_sd,10.3034375,10.28,0.05180472147079522,10.241,10.386,16
Qwen2.5-7B,8,512,15,target_decode_sd,10.4175,10.3875,0.06218788735222761,10.347,10.528,16
Qwen2.5-7B,8,1024,15,target_decode_sd,10.5485625,10.501000000000001,0.07309990310071093,10.486,10.663,16
Qwen2.5-7B,8,2048,15,target_decode_sd,10.7635,10.648499999999999,0.18604157241505645,10.619,11.035,16
Qwen2.5-7B,8,4096,15,target_decode_sd,10.832062500000001,11.016,0.2920325253004079,10.387,11.041,16
Qwen2.5-7B,16,256,15,target_decode_sd,10.43725,10.402999999999999,0.05920754456429815,10.377,10.538,16
Qwen2.5-7B,16,512,15,target_decode_sd,10.5516875,10.516,0.0631830343789638,10.495,10.661,16
Qwen2.5-7B,16,1024,15,target_decode_sd,10.7445,10.64,0.17663182046279194,10.609,11.015,16
Qwen2.5-7B,16,2048,15,target_decode_sd,11.16575,11.0225,0.2715855911740043,10.986,11.631,16
Qwen2.5-7B,16,4096,15,target_decode_sd,11.369125,11.614,0.38701574042063636,10.792,11.65,16
Qwen2.5-7B,24,256,15,target_decode_sd,10.829125000000001,10.793500000000002,0.07280006868128631,10.759,10.97,16
Qwen2.5-7B,24,512,15,target_decode_sd,11.0284375,10.956,0.1251974274229838,10.912,11.215,16
Qwen2.5-7B,24,1024,15,target_decode_sd,11.3589375,11.1955,0.2587401447398528,11.175,11.751,16
Qwen2.5-7B,24,2048,15,target_decode_sd,11.5359375,11.716,0.33399250864852253,10.821,11.735,16
Qwen2.5-7B,24,4096,15,target_decode_sd,10.99075,11.0145,0.051828563553314895,10.893,11.034,16
Qwen2.5-7B,32,256,15,target_decode_sd,11.0069375,10.9175,0.14430452464608753,10.898,11.232,16
Qwen2.5-7B,32,512,15,target_decode_sd,11.313,11.212,0.16424088001063145,11.189,11.571,16
Qwen2.5-7B,32,1024,15,target_decode_sd,11.3821875,11.54,0.4842371621082655,10.46,12.231,16
Qwen2.5-7B,32,2048,15,target_decode_sd,11.0756875,10.4975,0.7312216917597563,10.443,12.208,16
Qwen2.5-7B,32,4096,15,target_decode_sd,11.7414375,11.643,0.14898454897516497,11.612,12.004,16
Qwen2.5-7B,48,256,15,target_decode_sd,12.0429375,11.912,0.21038994549803597,11.884,12.356,16
Qwen2.5-7B,48,512,15,target_decode_sd,12.4424375,12.344,0.1621077702229807,12.316,12.686,16
Qwen2.5-7B,48,1024,15,target_decode_sd,12.281875,12.6675,0.6019584564846092,11.338,12.688,16
Qwen2.5-7B,48,2048,15,target_decode_sd,11.425125,11.379999999999999,0.21555320302267222,10.821,11.671,16
Qwen2.5-7B,48,4096,15,target_decode_sd,11.6284375,11.391,0.5961898991372913,10.672,12.499,16
Qwen2.5-7B,64,256,15,target_decode_sd,12.5078125,12.4105,0.16238522870014963,12.388,12.854,16
Qwen2.5-7B,64,512,15,target_decode_sd,12.1346875,12.7075,1.0299181662475259,10.4,12.719,16
Qwen2.5-7B,64,1024,15,target_decode_sd,11.4129375,10.4195,1.3564438048932708,10.337,13.36,16
Qwen2.5-7B,64,2048,15,target_decode_sd,13.161125,13.293,0.26087797275099045,12.477,13.335,16
Qwen2.5-7B,64,4096,15,target_decode_sd,12.781583333333334,12.828,0.11640170127883025,12.532,12.877,12
Qwen2.5-7B,0,0,15,target_verify,9.599625,9.614,0.03245894843234014,9.537,9.626,16
Qwen2.5-7B,1,256,15,target_verify,9.648859375,9.624,0.07874146306713116,9.528,9.785,64
Qwen2.5-7B,1,512,15,target_verify,9.84771875,9.773499999999999,0.1536012637131795,9.676,10.117,64
Qwen2.5-7B,1,1024,15,target_verify,10.243866666666667,10.095500000000001,0.29622234358022037,9.996,10.766,60
Qwen2.5-7B,1,2048,15,target_verify,11.1345,10.754999999999999,0.5805198330769972,10.724,12.005,48
Qwen2.5-7B,1,4096,15,target_verify,11.152423076923077,11.975,1.0757284507947023,9.533,12.009,52
Qwen2.5-7B,2,256,15,target_verify,9.81965625,9.85,0.1520363593470064,9.522,10.071,64
Qwen2.5-7B,2,512,15,target_verify,10.0354375,10.0095,0.2085647762039791,9.696,10.391,64
Qwen2.5-7B,2,1024,15,target_verify,10.408375,10.354,0.3284236489381028,9.999,11.062,56
Qwen2.5-7B,2,2048,15,target_verify,11.4720625,11.049,0.6400534220395327,11.034,12.412,32
Qwen2.5-7B,2,4096,15,target_verify,11.65345,12.398499999999999,0.9635012527768525,9.533,12.477,40
Qwen2.5-7B,4,256,15,target_verify,10.9078125,11.264,0.7715083119427978,9.534,11.543,64
Qwen2.5-7B,4,512,15,target_verify,11.207375,11.515,0.8479107938254556,9.68,12.043,64
Qwen2.5-7B,4,1024,15,target_verify,11.813642857142858,12.023,0.972448464230581,10.011,13.067,56
Qwen2.5-7B,4,2048,15,target_verify,13.68440625,13.05,0.9630512618043254,13.024,15.101,32
Qwen2.5-7B,4,4096,15,target_verify,13.41225,13.9985,1.9220329748498741,9.549,15.101,40
Qwen2.5-7B,8,256,15,target_verify,11.894265625,12.4485,1.3826136537822127,9.535,14.384,64
Qwen2.5-7B,8,512,15,target_verify,12.3670625,13.1025,1.5025527471395166,9.681,13.554,64
Qwen2.5-7B,8,1024,15,target_verify,12.892303571428572,13.435,1.4555067211317647,10.005,14.139,56
Qwen2.5-7B,8,2048,15,target_verify,14.55328125,14.128,0.660041798987981,14.089,15.548,32
Qwen2.5-7B,8,4096,15,target_verify,15.48345,15.509,2.4473172643340897,9.531,17.527,40
Qwen2.5-7B,16,256,15,target_verify,15.64490625,17.503,3.5274146282121976,9.529,18.288,64
Qwen2.5-7B,16,512,15,target_verify,16.172703124999998,18.117,3.704053132566941,9.679,18.742,64
Qwen2.5-7B,16,1024,15,target_verify,17.13264285714286,18.632,3.5745393825502325,10.003,19.725,56
Qwen2.5-7B,16,2048,15,target_verify,20.28296875,19.7035,0.956166454815539,19.669,21.815,32
Qwen2.5-7B,16,4096,15,target_verify,22.07275,21.804000000000002,5.305046082353804,9.542,26.765,40
Qwen2.5-7B,24,256,15,target_verify,22.482875,26.744500000000002,7.493083086611088,9.532,27.205,64
Qwen2.5-7B,24,512,15,target_verify,22.906125,27.1085,7.6279325903664486,9.691,27.71,64
Qwen2.5-7B,24,1024,15,target_verify,24.348964285714285,27.615499999999997,7.15996651328961,10.008,28.696,56
Qwen2.5-7B,24,2048,15,target_verify,29.038464285714287,28.673,0.8136099020730532,28.634,30.781,28
Qwen2.5-7B,24,4096,15,target_verify,28.14317857142857,32.58,8.875570154053419,9.534,33.112,28
Qwen2.5-7B,32,256,15,target_verify,27.22878125,33.0995,10.267412567939294,9.526,33.585,64
Qwen2.5-7B,32,512,15,target_verify,27.75690625,33.481,10.454218242912116,9.682,34.376,64
Qwen2.5-7B,32,1024,15,target_verify,29.455188679245282,34.292,10.053621198080062,10.001,36.003,53
Qwen2.5-7B,32,2048,15,target_verify,36.931444444444445,36.0185,1.537712518922075,35.969,39.359,18
Qwen2.5-7B,32,4096,15,target_verify,37.36810714285714,44.9635,13.489808755032612,9.532,46.031,28
Qwen2.5-7B,48,256,15,target_verify,36.590046875,45.7285,15.707224506455002,9.524,45.972,64
Qwen2.5-7B,48,512,15,target_verify,37.000953125,45.742999999999995,15.834832025742557,9.689,47.017,64
Qwen2.5-7B,48,1024,15,target_verify,39.17421153846154,46.737,15.26048654215827,10.003,48.81,52
Qwen2.5-7B,48,2048,15,target_verify,48.8185,48.813500000000005,0.027789795380187887,48.781,48.885,12
Qwen2.5-7B,48,4096,15,target_verify,49.0230625,62.0895,23.513025242671347,9.543,62.56,16
Qwen2.5-7B,64,256,15,target_verify,49.077234375,62.411,22.97589266811145,9.534,62.596,64
Qwen2.5-7B,64,512,15,target_verify,49.501484375,62.4135,23.112464760413143,9.679,63.86,64
Qwen2.5-7B,64,1024,15,target_verify,51.508538461538464,63.736999999999995,22.35611248385212,10.012,71.509,52
Qwen2.5-7B,64,2048,15,target_verify,66.44508333333333,66.442,0.04038554721979634,66.412,66.563,12
